name,country,subcountry,geonameid
Wolfsberg,Austria,Carinthia,2760910
Wiener Neustadt,Austria,Lower Austria,2761353
Vienna,Austria,Vienna,2761369
Wels,Austria,Upper Austria,2761524
Weinzierl bei Krems,Austria,Lower Austria,2761669
Villach,Austria,Carinthia,2762372
Traun,Austria,Upper Austria,2763423
Traiskirchen,Austria,Lower Austria,2763460
Ternitz,Austria,Lower Austria,2763795
Steyr,Austria,Upper Austria,2764359
Spittal an der Drau,Austria,Carinthia,2764786
Schwechat,Austria,Lower Austria,2765388
Sankt Pölten,Austria,Lower Austria,2766429
Salzburg,Austria,Salzburg,2766824
Saalfelden am Steinernen Meer,Austria,Salzburg,2766922
Mödling,Austria,Lower Austria,2771335
Lustenau,Austria,Vorarlberg,2772173
Linz,Austria,Upper Austria,2772400
Leonding,Austria,Upper Austria,2772635
Leoben,Austria,Styria,2772649
Kufstein,Austria,Tyrol,2773300
Krems an der Donau,Austria,Lower Austria,2773549
Klosterneuburg,Austria,Lower Austria,2773913
Klagenfurt am Wörthersee,Austria,Carinthia,2774326
Kapfenberg,Austria,Styria,2774773
Innsbruck,Austria,Tyrol,2775220
Hallein,Austria,Salzburg,2776951
Graz,Austria,Styria,2778067
Feldkirch,Austria,Vorarlberg,2779674
Dornbirn,Austria,Vorarlberg,2780741
Bregenz,Austria,Vorarlberg,2781503
Braunau am Inn,Austria,Upper Austria,2781520
Baden,Austria,Lower Austria,2782067
Amstetten,Austria,Lower Austria,2782555
Ansfelden,Austria,Salzburg,3323063
Whyalla,Australia,South Australia,2058430
Rockingham,Australia,Western Australia,2062338
Yambol,Bulgaria,Yambol,725578
Vratsa,Bulgaria,Vratsa,725712
Vidin,Bulgaria,Vidin,725905
Velingrad,Bulgaria,Pazardzhik,725988
Veliko Tŭrnovo,Bulgaria,Veliko Tŭrnovo,725993
Varna,Bulgaria,Varna,726050
Targovishte,Bulgaria,Tŭrgovishte,726174
Troyan,Bulgaria,Lovech,726320
Dobrich,Bulgaria,Dobrich,726418
Svishtov,Bulgaria,Veliko Tŭrnovo,726534
Svilengrad,Bulgaria,Khaskovo,726546
Stara Zagora,Bulgaria,Stara Zagora,726848
Dupnitsa,Bulgaria,Kyustendil,726872
Sofia,Bulgaria,Sofia-Capital,727011
Smolyan,Bulgaria,Smolyan,727030
Sliven,Bulgaria,Sliven,727079
Silistra,Bulgaria,Silistra,727221
Shumen,Bulgaria,Shumen,727233
Sevlievo,Bulgaria,Gabrovo,727337
Sandanski,Bulgaria,Blagoevgrad,727447
Samokov,Bulgaria,Sofiya,727462
Ruse,Bulgaria,Ruse,727523
Razgrad,Bulgaria,Razgrad,727696
Rakovski,Bulgaria,Plovdiv,727791
Popovo,Bulgaria,Tŭrgovishte,728075
Plovdiv,Bulgaria,Plovdiv,728193
Pleven,Bulgaria,Pleven,728203
Petrich,Bulgaria,Blagoevgrad,728288
Peshtera,Bulgaria,Pazardzhik,728317
Pernik,Bulgaria,Pernik,728330
Pazardzhik,Bulgaria,Pazardzhik,728378
Panagyurishte,Bulgaria,Pazardzhik,728448
Nova Zagora,Bulgaria,Sliven,728742
Montana,Bulgaria,Montana,729114
Lovech,Bulgaria,Lovech,729559
Lom,Bulgaria,Montana,729581
Kyustendil,Bulgaria,Kyustendil,729730
Kardzhali,Bulgaria,Kŭrdzhali,729794
Haskovo,Bulgaria,Khaskovo,730435
Kharmanli,Bulgaria,Khaskovo,730442
Kazanlŭk,Bulgaria,Stara Zagora,730496
Karnobat,Bulgaria,Burgas,730559
Karlovo,Bulgaria,Plovdiv,730565
Gotse Delchev,Bulgaria,Blagoevgrad,731108
Gorna Oryakhovitsa,Bulgaria,Veliko Tŭrnovo,731233
Gabrovo,Bulgaria,Gabrovo,731549
Dimitrovgrad,Bulgaria,Khaskovo,732263
Chirpan,Bulgaria,Stara Zagora,732452
Cherven Bryag,Bulgaria,Pleven,732491
Burgas,Bulgaria,Burgas,732770
Botevgrad,Bulgaria,Sofiya,733014
Blagoevgrad,Bulgaria,Blagoevgrad,733191
Berkovitsa,Bulgaria,Montana,733264
Aytos,Bulgaria,Burgas,733579
Asenovgrad,Bulgaria,Plovdiv,733618
Lida,Belarus,Grodnenskaya,626081
Krychaw,Belarus,Mogilev,626450
Kalodzishchy,Belarus,Minsk,627083
Kobryn,Belarus,Brest,627145
Kalinkavichy,Belarus,Gomel,627751
Ivatsevichy,Belarus,Brest,627800
Hrodna,Belarus,Grodnenskaya,627904
Horki,Belarus,Mogilev,627905Orange Walk,Belize,Orange Walk,3581514
Belmopan,Belize,Cayo,3582672
Belize City,Belize,Belize,3582677
Abbotsford,Canada,British Columbia,5881791
Airdrie,Canada,Alberta,5882799
Ajax,Canada,Ontario,5882873
Alma,Canada,Quebec,5884083
Amos,Canada,Quebec,5884588
Anmore,Canada,British Columbia,5885383
Baie-Comeau,Canada,Quebec,5889745
Barrie,Canada,Ontario,5894171909629
Burlington,Canada,Ontario,5911592
Burnaby,Canada,British Columbia,5911606
Calgary,Canada,Alberta,5913490
Cambridge,Canada,Ontario,5913695
Campbell River,Canada,British Columbia,5914132
Camrose,Canada,Alberta,5914653
Candiac,Canada,Quebec,5914826
Chambly,Canada,Quebec,5919566
Charlottetown,Canada,Prince Edward Island,5920288
Châteauguay,Canada,Quebec,5920433
Chilliwack,Canada,British Columbia,5921356
Clarence-Rockland,Canada,Ontario,5923101
Cobourg,Canada,Ontario,5924579
Cochrane,Canada,Alberta,5924618
Collingwood,Canada,Ontario,5925975
Conception Bay South,Canada,Newfoundland and Labrador,5926511
Coquitlam,Canada,British Columbia,5927689
Corner Brook,Canada,Newfoundland and Labrador,5927969
Cornwall,Canada,Ontario,5928065
Côte-Saint-Luc,Canada,Quebec,5928488
Courtenay,Canada,British Columbia,5930890
Cranbrook,Canada,British Columbia,5931800
Dartmouth,Canada,Nova Scotia,5935277
Delta,Canada,British Columbia,5937615a,5943865
Edmonton,Canada,Alberta,5946768
Etobicoke,Canada,Ontario,5950267
Fort Erie,Canada,Ontario,5955815
Fort McMurray,Canada,Alberta,5955895
Fort St. John,Canada,British Columbia,5955960
Fredericton,Canada,New Brunswick,5957776
Gatineau,Canada,Quebec,5959974
Glace Bay,Canada,Nova Scotia,5961564
Granby,Canada,Quebec,5964215
Kingston,Canada,Ontario,5992500
Kirkland,Canada,Quebec,5992830
Kitchener,Canada,Ontario,5992996
Langford,Canada,British Columbia,6049388
Langley,Canada,British Columbia,6049429
Langley,Canada,British Columbia,6049430
La Prairie,Canada,Quebec,6049863
LAssomption,Canada,Quebec,6050263
Laval,Canada,Quebec,6050610
Leduc,Canada,Alberta,6051562
Lethbridge,Canada,Alberta,6053154
Lloydminster,Canada,Saskatchewan,6058024
London,Canada,Ontario,6058560
Longueuil,Canada,Quebec,6059891
Magog,Canada,Quebec,6064180
Maple Ridge,Canada,British Columbia,6065686
Markham,Canada,Ontario,6066513
Mascouche,Canada,Quebec,6067494
Medicine Hat,Canada,Alberta,6071618
Midland,Canada,Ontario,6073363
Milton,Canada,Ontario,6074377
Mirabel,Canada,Quebec,6075061
Miramichi,Canada,New Brunswick,6075081
Mississauga,Canada,Ontario,6075357
Moncton,Canada,New Brunswick,6076211
Montréal,Canada,Quebec,6077243
Mont-Royal,Canada,Quebec,6077315
Mont-Saint-Hilaire,Canada,Quebec,6077340
Moose Jaw,Canada,Saskatchewan,6078112
Mount Pearl,Canada,Newfoundland and Labrador,6082231
Nanaimo,Canada,British Columbia,6085772
New Glasgow,Canada,Nova Scotia,6087579
Newmarket,Canada,Ontario,6087701
New Westminster,Canada,British Columbia,6087844
Niagara Falls,Canada,Ontario,6087892
Norfolk County,Canada,Ontario,6089125
North Battleford,Canada,Saskatchewan,6089404
North Bay,Canada,Ontario,6089426
North Cowichan,Canada,British Columbia,6089661
North Vancouver,Canada,British Columbia,6090785
North York,Canada,Ontario,6091104
Oak Bay,Canada,British Columbia,6091919
Oakville,Canada,Ontario,6092122
Orangeville,Canada,Ontario,6094201
Orillia,Canada,Ontario,6094325
Oshawa,Canada,Ontario,6094578
Ottawa,Canada,Ontario,6094817
Owen Sound,Canada,Ontario,6095645
Parksville,Canada,British Columbia,6098642
Regina,Canada,Saskatchewan,6119109
Repentigny,Canada,Quebec,6119518
Richmond,Canada,British Columbia,6122085
Richmond Hill,Canada,Ontario,6122091
Rouyn-Noranda,Canada,Quebec,6128577
Saguenay,Canada,Quebec,6137270
Saint-Basile-le-Grand,Canada,Quebec,6137489
Saint-Bruno-de-Montarville,Canada,Quebec,6137540
Saskatoon,Canada,Saskatchewan,6141256
Sault Ste. Marie,Canada,Ontario,6141439
Sept-Îles,Canada,Quebec,6144312
Shawinigan,Canada,Quebec,6145489
Sherbrooke,Canada,Quebec,6146143
Sherwood Park,Canada,Alberta,6146279
Sorel-Tracy,Canada,Quebec,6151352
Spruce Grove,Canada,Alberta,6154383
St. Albert,Canada,Alberta,6155033
St. Catharines,Canada,Ontario,6155721
Stratford,Canada,Ontario,6157977
St. Thomas,Canada,Ontario,6158357
Surrey,Canada,British Columbia,6159905
Terrace,Canada,British Columbia,6162949
Terrebonne,Canada,Quebec,6163012
Thorold,Canada,Ontario,6165719
Thunder Bay,Canada,Ontario,6166142
Timmins,Canada,Ontario,6166739
Toronto,Canada,Ontario,6167865
Trois-Rivières,Canada,Quebec,6169141
Truro,Canada,Nova Scotia,6169587
Val-dOr,Canada,Quebec,6173017
Vancouver,Canada,British Columbia,6173331
Varennes,Canada,Quebec,6173508
Vaudreuil-Dorion,Canada,Quebec,6173570
Vaughan,Canada,Ontario,6173577
Vernon,Canada,British Columbia,6173864
Victoria,Canada,British Columbia,6174041
Victoriaville,Canada,Quebec,6174151
Waterloo,Canada,Ontario,6176823
Welland,Canada,Ontario,6177869
West End,Canada,British Columbia,6178582
Westmount,Canada,Quebec,6179226
West Kelowna,Canada,British Columbia,7281936
Bellechasse Regional County Municipality,Canada,Quebec,7302647
Jonquière,Canada,Quebec,7303786
Saint-Augustin-de-Desmaures,Canada,Quebec,7535681
Ladner,Canada,British Columbia,7602078
Walnut Grove,Canada,British Columbia,7669012
Ancaster,Canada,Ontario,8285452
West Vancouver,Canada,British Columbia,8533869
Willowdale,Canada,Ontario,8558534
Lower Sacvkille,Canada,Nova Scotia,10287505
Sibiti,Republic of the Congo,Lékoumou,2255285
Pointe-Noire,Republic of the Congo,Pointe-Noire,2255414
Owando,Republic of the Congo,Cuvette,2255542
Ouésso,Republic of the Congo,Sangha,2255564
Mossendjo,Republic of the Congo,Niari,2256895
Madingou,Republic of the Congo,Bouenza,2257990
Dolisie,Republic of the Congo,Niari,2258261
Loandjili,Republic of the Congo,Pointe-Noire,2258378
Kayes,Republic of the Congo,Bouenza,2259383
Impfondo,Republic of the Congo,Likouala,2259655
Gamboma,Republic of the Congo,Plateaux,2259947
Brazzaville,Republic of the Congo,Brazzaville,2260535
Zürich,Switzerland,Zurich,2657896
Zug,Switzerland,Zug,2657908
Yverdon-les-Bains,Switzerland,Vaud,2657941
Winterthur,Switzerland,Zurich,2657970
Wil,Switzerland,Saint Gallen,2657996
Wettingen,Switzerland,Aargau,2658011
Vevey,Switzerland,Vaud,2658145
Vernier,Switzerland,Geneva,2658154
Uster,Switzerland,Zurich,2658216
Thun,Switzerland,Bern,2658377
Steffisburg,Switzerland,Bern,2658494
Sitten,Switzerland,Valais,2658576
Sierre,Switzerland,Valais,2658606
Schaffhausen,Switzerland,Schaffhausen,2658761
Sankt Gallen,Switzerland,Saint Gallen,2658822
Renens,Switzerland,Vaud,2659070
Rapperswil,Switzerland,Saint Gallen,2659099
Pully,Switzerland,Vaud,2659127
Onex,Switzerland,Geneva,2659296
Olten,Switzerland,Solothurn,2659297
Nyon,Switzerland,Vaud,2659422
Neuchâtel,Switzerland,Neuchâtel,2659496
Muttenz,Switzerland,Basel-Landschaft,2659522
Montreux,Switzerland,Vaud,2659601
Monthey,Switzerland,Valais,2659613
Meyrin,Switzerland,Geneva,2659667
Luzern,Switzerland,Lucerne,2659811
Lugano,Switzerland,Ticino,2659836
Littau,Switzerland,Lucerne,2659873
Le Châtelard,Switzerland,Vaud,2659977
Lausanne,Switzerland,Vaud,2659994
La Chaux-de-Fonds,Switzerland,Neuchâtel,2660076
Kriens,Switzerland,Lucerne,2660104
Kreuzlingen,Switzerland,Thurgau,2660108
Köniz,Switzerland,Bern,2660119
Kloten,Switzerland,Zurich,2660127
Jona,Switzerland,Saint Gallen,2660221
Horgen,Switzerland,Zurich,2660305
Herisau,Switzerland,Appenzell Ausserrhoden,2660365
Grenchen,Switzerland,Solothurn,2660512
Gossau,Switzerland,Saint Gallen,2660549
Genève,Switzerland,Geneva,2660646
Fribourg,Switzerland,Fribourg,2660718
Frauenfeld,Switzerland,Thurgau,2660727
Emmen,Switzerland,Lucerne,2660911
Dübendorf,Switzerland,Zurich,2660971
Dietikon,Switzerland,Zurich,2661015
Chur,Switzerland,Grisons,2661169
Carouge,Switzerland,Geneva,2661265
Biel/Bienne,Switzerland,Bern,2661513
Bern,Switzerland,Bern,2661552
Bellinzona,Switzerland,Ticino,2661567
Basel,Switzerland,Basel-City,2661604
Baden,Switzerland,Aargau,2661646
Baar,Switzerland,Zug,2661653
Allschwil,Switzerland,Basel-Landschaft,2661810
Adliswil,Switzerland,Zurich,2661861
Aarau,Switzerland,Aargau,2661881
Riehen,Switzerland,Basel-City,3206590
Lancy,Switzerland,Geneva,6691640
Zuénoula,Ivory Coast,Marahoué,2279172
Quilpué,Chile,Valparaíso,3874096
Quillota,Chile,Valparaíso,3874119
Punta Arenas,Chile,Magallanes,3874787
Puerto Varas,Chile,Los Lagos,3874930
Puerto Quellón,Chile,Los Lagos,3874943
Puerto Natales,Chile,Magallanes,3874958
Puerto Montt,Chile,Los Lagos,3874960
Puerto Aisén,Chile,Aisén,3874997
Puente Alto,Chile,Santiago Metropolitan,3875024
Pucón,Chile,Araucanía,3875070
Penco,Chile,Biobío,3876664
Peñaflor,Chile,Santiago Metropolitan,3876685
Wolfsburg,Germany,Lower Saxony,2806654
Ulm,Germany,Baden-Württemberg,2820256
Uelzen,Germany,Lower Saxony,2820456
Überlingen,Germany,Baden-Württemberg,2820577
Übach-Palenberg,Germany,North Rhine-Westphalia,2820621
Syke,Germany,Lower Saxony,2824461
Sundern,Germany,North Rhine-Westphalia,2824655
Rüsselsheim,Germany,Hesse,2842884
Rummelsburg,Germany,Berlin,2843106
Rudow,Germany,Berlin,2843350
Rudolstadt,Germany,Thuringia,2843355
Rottweil,Germany,Baden-Württemberg,2843636
Rottenburg,Germany,Baden-Württemberg,2843729
Roth,Germany,Bavaria,2844265
Rotenburg,Germany,Lower Saxony,2844437
Rostock,Germany,Mecklenburg-Vorpommern,2844588
Munich,Germany,Bavaria,2867714
Müllheim,Germany,Baden-Württemberg,2867770
Mühlheim am Main,Germany,Hesse,2867985
Stuttgart Mühlhausen,Germany,Baden-Württemberg,2867993
Korbach,Germany,Hesse,2885536
Köpenick,Germany,Berlin,2885656
Berlin Köpenick,Germany,Berlin,2885657
Konz,Germany,Rheinland-Pfalz,2885672
Konstanz,Germany,Baden-Württemberg,2885679
Königs Wusterhausen,Germany,Brandenburg,2885732
Königswinter,Germany,North Rhine-Westphalia,2885734
Königstein im Taunus,Germany,Hesse,2885760
Königslutter am Elm,Germany,Lower Saxony,2885800
Königsbrunn,Germany,Bavaria,2885908
Köln,Germany,North Rhine-Westphalia,2886242
Kolbermoor,Germany,Bavaria,2886446
Koblenz,Germany,Rheinland-Pfalz,2886946
Hamburg,Germany,Hamburg,2911298
Dortmund,Germany,North Rhine-Westphalia,2935517
Dachau,Germany,Bavaria,2939623
Cuxhaven,Germany,Lower Saxony,2939658
Crimmitschau,Germany,Saxony,2939747
Crailsheim,Germany,Baden-Württemberg,2939797
Cottbus,Germany,Brandenburg,2939811
Coswig,Germany,Saxony,2939820
Coesfeld,Germany,North Rhine-Westphalia,2939945
Coburg,Germany,Bavaria,2939951
Bremen,Germany,Bremen,2944388
Braunschweig,Germany,Lower Saxony,2945024
Brandenburg an der Havel,Germany,Brandenburg,2945358
Bramsche,Germany,Lower Saxony,2945474
Brakel,Germany,North Rhine-Westphalia,2945542
Brackenheim,Germany,Baden-Württemberg,2945591
Bottrop,Germany,North Rhine-Westphalia,2945756
Bornheim,Germany,North Rhine-Westphalia,2946111
Borna,Germany,Saxony,2946172
Borken,Germany,North Rhine-Westphalia,2946228
Boppard,Germany,Rheinland-Pfalz,2946366
Bonn,Germany,North Rhine-Westphalia,2946447
Augsburg,Germany,Bavaria,2954172
Auerbach,Germany,Saxony,2954602
Aue,Germany,Saxony,2954695
Attendorn,Germany,North Rhine-Westphalia,2954932
Aschersleben,Germany,Saxony-Anhalt,2955168
Ascheberg,Germany,North Rhine-Westphalia,2955224
Aschaffenburg,Germany,Bavaria,2955272
Bad Arolsen,Germany,Hesse,2955421
Arnstadt,Germany,Thuringia,2955439
Arnsberg,Germany,North Rhine-Westphalia,2955471
Apolda,Germany,Thuringia,2955770
Ansbach,Germany,Bavaria,2955936
Annaberg-Buchholz,Germany,Saxony,2956005
Angermünde,Germany,Brandenburg,2956093
Andernach,Germany,Rheinland-Pfalz,2956206
Amberg,Germany,Bavaria,2956656
Aachen,Germany,North Rhine-Westphalia,3247449
Mörfelden-Walldorf,Germany,Hesse,3272460
Riedstadt,Germany,Hesse,3272941
Lauda-Königshofen,Germany,Baden-Württemberg,3274966
Filderstadt,Germany,Baden-Württemberg,3336891
Ostfildern,Germany,Baden-Württemberg,3336892
Rodgau,Germany,Hesse,3336893
Gropiusstadt,Germany,Berlin,3337408
Seeheim-Jugenheim,Germany,Hesse,3337504
Charlottenburg-Nord,Germany,Berlin,6545288
Mitte,Germany,Berlin,6545310
Spremberg,Germany,Brandenburg,6550659
Rheinstetten,Germany,Baden-Württemberg,6558039
Altstadt Sud,Germany,North Rhine-Westphalia,6691072
Altstadt Nord,Germany,North Rhine-Westphalia,6691073
Neuehrenfeld,Germany,North Rhine-Westphalia,6691076
Bilderstoeckchen,Germany,North Rhine-Westphalia,6691078
Stuttgart-Ost,Germany,Baden-Württemberg,6930414
Bochum-Hordel,Germany,North Rhine-Westphalia,6941055
St. Pauli,Germany,Hamburg,6944296
Eidelstedt,Germany,Hamburg,7274677
Halle Neustadt,Germany,Saxony-Anhalt,7289614
Bergedorf,Germany,Hamburg,7290243
Spandau,Germany,Berlin,7290252
Berlin Schöneberg,Germany,Berlin,7290254
Berlin Treptow,Germany,Berlin,7290255
Niederrad,Germany,Hesse,7290401
Haselbachtal,Germany,Saxony,7302786
Barmbek-Nord,Germany,Hamburg,7932342
Farmsen-Berne,Germany,Hamburg,7932386
Falkenhagener Feld,Germany,Berlin,8334621
Neu-Hohenschönhausen,Germany,Berlin,8334622
Alt-Hohenschönhausen,Germany,Berlin,8334624
Fennpfuhl,Germany,Berlin,8334625
Hamburg-Nord,Germany,Hamburg,8354626
Burg Unter-Falkenstein,Germany,Bavaria,8378906
Neustadt/Nord,Germany,North Rhine-Westphalia,8593855
Neustadt/Süd,Germany,North Rhine-Westphalia,8593856
Kalk,Germany,North Rhine-Westphalia,8593861
Mülheim,Germany,North Rhine-Westphalia,8593865
Gartenstadt,Germany,Rheinland-Pfalz,8642860
Tadjoura,Djibouti,Tadjourah,220782
Obock,Djibouti,Obock,221527
Djibouti,Djibouti,Djibouti,223817
Ḏânan,Djibouti,Ali Sabieh,224152
Ali Sabieh,Djibouti,Ali Sabieh,225284
Viborg,Denmark,Central Jutland,2610319
Vejle,Denmark,South Denmark,2610613
Vanløse,Denmark,Capital Region,2610734
Taastrup,Denmark,Capital Region,2611828
Svendborg,Denmark,South Denmark,2612045
Stenløse,Denmark,Capital Region,2612629
Sønderborg,Denmark,South Denmark,2613102
Slagelse,Denmark,Zealand,2613460
Skive,Denmark,Central Jutland,2613731
Silkeborg,Denmark,Central Jutland,2614030
Roskilde,Denmark,Zealand,2614481
Rødovre,Denmark,Capital Region,2614600
Ringsted,Denmark,Zealand,2614764
Randers,Denmark,Central Jutland,2615006
Odense,Denmark,South Denmark,2615876
Nykøbing Falster,Denmark,Zealand,2615961
Nyborg,Denmark,South Denmark,2616015
Næstved,Denmark,Zealand,2616038
Nørresundby,Denmark,North Denmark,2616235
Lillerød,Denmark,Capital Region,2617658
Korsør,Denmark,Zealand,2618361
Køge,Denmark,Zealand,2618415
Copenhagen,Denmark,Capital Region,2618425
Kolding,Denmark,South Denmark,2618528
Kalundborg,Denmark,Zealand,2619154
Ishøj,Denmark,Capital Region,2619377
Hvidovre,Denmark,Capital Region,2619528
Horsens,Denmark,Central Jutland,2619771
Hørsholm,Denmark,Capital Region,2619856
Holstebro,Denmark,Central Jutland,2620046
Holbæk,Denmark,Zealand,2620147
Hjørring,Denmark,North Denmark,2620214
Hillerød,Denmark,Capital Region,2620320
Herning,Denmark,Central Jutland,2620425
Helsingør,Denmark,Capital Region,2620473
Haderslev,Denmark,South Denmark,2620964
Greve,Denmark,Zealand,2621215
Glostrup,Denmark,Capital Region,2621356
Frederikshavn,Denmark,North Denmark,2621927
Frederiksberg,Denmark,Capital Region,2621942
Fredericia,Denmark,South Denmark,2621951
Farum,Denmark,Capital Region,2622306
Esbjerg,Denmark,South Denmark,2622447
Charlottenlund,Denmark,Capital Region,2623188
Birkerød,Denmark,Capital Region,2624112
Ballerup,Denmark,Capital Region,2624341
Århus,Denmark,Central Jutland,2624652
Aalborg,Denmark,North Denmark,2624886
Albertslund,Denmark,Capital Region,2624906
Aabenraa,Denmark,South Denmark,2625070
Villena,Spain,Valencia,2509463
Villarrobledo,Spain,Castille-La Mancha,2509491
Vila-real,Spain,Valencia,2509509
Villanueva de la Serena,Spain,Extremadura,2509553
Villajoyosa,Spain,Valencia,2509588
Vícar,Spain,Andalusia,2509650
Vélez-Málaga,Spain,Andalusia,2509769
Valencia,Spain,Valencia,2509954
Valdepeñas,Spain,Castille-La Mancha,2509982
Utrera,Spain,Andalusia,2510073
Ubrique,Spain,Andalusia,2510112
Úbeda,Spain,Andalusia,2510116
Totana,Spain,Murcia,2510224
Torrox,Spain,Andalusia,2510245
Torrevieja,Spain,Valencia,2510253
Torre-Pacheco,Spain,Murcia,2510271
Torrent,Spain,Valencia,2510279
Torremolinos,Spain,Andalusia,2510281
Tomelloso,Spain,Castille-La Mancha,2510392
Tomares,Spain,Andalusia,2510394
Toledo,Spain,Castille-La Mancha,2510409
Tías,Spain,Canary Islands,2510485
Telde,Spain,Canary Islands,2510542
Teguise,Spain,Canary Islands,2510573
Tarifa,Spain,Andalusia,2510599
Talavera de la Reina,Spain,Castille-La Mancha,2510693
Tacoronte,Spain,Canary Islands,2510725
Tavernes de la Valldigna,Spain,Valencia,2510743
Sueca,Spain,Valencia,2510764
Silla,Spain,Valencia,2510880
Sevilla,Spain,Andalusia,2510911
San Vicent del Raspeig,Spain,Valencia,2511032
Santomera,Spain,Murcia,2511050
Santa Pola,Spain,Valencia,2511102
Santa Lucía,Spain,Canary Islands,2511150
Santafé,Spain,Andalusia,2511160
Santa Eulària des Riu,Spain,Balearic Islands,2511162
Santa Cruz de Tenerife,Spain,Canary Islands,2511174
Santa Cruz de la Palma,Spain,Canary Islands,2511180
Santa Brígida,Spain,Canary Islands,2511202
San Roque,Spain,Andalusia,2511239
San Pedro del Pinatar,Spain,Murcia,2511247
San Pedro de Alcántara,Spain,Andalusia,2511250
San Miguel De Abona,Spain,Canary Islands,2511287
Sanlúcar de Barrameda,Spain,Andalusia,2511306
San Juan de Aznalfarache,Spain,Andalusia,2511329
San Juan de Alicante,Spain,Valencia,2511330
San Javier,Spain,Murcia,2511366
San Isidro,Spain,Canary Islands,2511371
San Fernando,Spain,Andalusia,2511388
La Laguna,Spain,Canary Islands,2511401
San Bartolomé de Tirajana,Spain,Canary Islands,2511440
San Bartolomé,Spain,Canary Islands,2511447
Sant Antoni de Portmany,Spain,Balearic Islands,2511448
Sagunto,Spain,Valencia,2511619
Rota,Spain,Andalusia,2511700
Roquetas de Mar,Spain,Andalusia,2511716
Ronda,Spain,Andalusia,2511730
Rojales,Spain,Valencia,2511752
Rincón de la Victoria,Spain,Andalusia,2511852
Ribarroja,Spain,Valencia,2511880
Requena,Spain,Valencia,2511930
Realejo Alto,Spain,Canary Islands,2511994
Puçol,Spain,Valencia,2512127
Puerto Real,Spain,Andalusia,2512169
Puertollano,Spain,Castille-La Mancha,2512177
Puerto del Rosario,Spain,Canary Islands,2512186
Puerto de la Cruz,Spain,Canary Islands,2512196
Puente-Genil,Spain,Andalusia,2512232
La Pobla de Vallbona,Spain,Valencia,2512251
Priego de Córdoba,Spain,Andalusia,2512282
Pozoblanco,Spain,Andalusia,2512340
Pollença,Spain,Balearic Islands,2512432
Pilar de la Horadada,Spain,Valencia,2512581
Picassent,Spain,Valencia,2512620
Paterna,Spain,Valencia,2512862
Palma,Spain,Balearic Islands,2512989
Palma del Río,Spain,Andalusia,2512990
Pájara,Spain,Canary Islands,2513026
Paiporta,Spain,Valencia,2513029
Osuna,Spain,Andalusia,2513052
Orihuela,Spain,Valencia,2513076
Ontinyent,Spain,Valencia,2513106
Onda,Spain,Valencia,2513115
Oliva,Spain,Valencia,2513145
Novelda,Spain,Valencia,2513195
Níjar,Spain,Andalusia,2513222
Nerja,Spain,Andalusia,2513240
Navalmoral de la Mata,Spain,Extremadura,2513324
Murcia,Spain,Murcia,2513416
Mula,Spain,Murcia,2513436
Muchamiel,Spain,Valencia,2513465
Motril,Spain,Andalusia,2513477
Morón de la Frontera,Spain,Andalusia,2513509
Montilla,Spain,Andalusia,2513601
Montijo,Spain,Extremadura,2513604
Moncada,Spain,Valencia,2513703
Molina de Segura,Spain,Murcia,2513759
Moguer,Spain,Andalusia,2513791
Mogán,Spain,Canary Islands,2513798
Mislata,Spain,Valencia,2513811
Mijas,Spain,Andalusia,2513882
Mérida,Spain,Extremadura,2513917
Melilla,Spain,Melilla,2513947
Mazarrón,Spain,Murcia,2513983
Maspalomas,Spain,Canary Islands,2514042
Massamagrell,Spain,Valencia,2514066
Martos,Spain,Andalusia,2514073
Marratxí,Spain,Balearic Islands,2514097
Marchena,Spain,Andalusia,2514158
Marbella,Spain,Andalusia,2514169
Maracena,Spain,Andalusia,2514176
Manzanares,Spain,Castille-La Mancha,2514190
Manises,Spain,Valencia,2514197
Manacor,Spain,Balearic Islands,2514216
Málaga,Spain,Andalusia,2514256
Mairena del Aljarafe,Spain,Andalusia,2514287
Mairena del Alcor,Spain,Andalusia,2514288
Maó,Spain,Balearic Islands,2514301
Lucena,Spain,Andalusia,2514392
Los Palacios y Villafranca,Spain,Andalusia,2514553
Los Llanos de Aridane,Spain,Canary Islands,2514651
Los Barrios,Spain,Andalusia,2514824
Los Alcázares,Spain,Murcia,2514868
Lorca,Spain,Murcia,2514891
Lora del Río,Spain,Andalusia,2514893
Loja,Spain,Andalusia,2514946
Llucmajor,Spain,Balearic Islands,2514984
Llíria,Spain,Valencia,2515036
Linares,Spain,Andalusia,2515045
Lepe,Spain,Andalusia,2515072
Lebrija,Spain,Andalusia,2515096
La Unión,Spain,Murcia,2515151
Las Torres de Cotillas,Spain,Murcia,2515219
Las Palmas de Gran Canaria,Spain,Canary Islands,2515270
Ibiza,Spain,Balearic Islands,2516479
Ibi,Spain,Valencia,2516480
Granada,Spain,Andalusia,2517117
Gandia,Spain,Valencia,2517367
Gáldar,Spain,Canary Islands,2517436
Fuengirola,Spain,Andalusia,2517595
Felanitx,Spain,Balearic Islands,2517750
Estepona,Spain,Andalusia,2517816
Carmona,Spain,Andalusia,2520118
Carlet,Spain,Valencia,2520121
Carcaixent,Spain,Valencia,2520150
Caravaca,Spain,Murcia,2520171
Candelaria,Spain,Canary Islands,2520283
Campo de Criptana,Spain,Castille-La Mancha,2520413
Campiña,Spain,Andalusia,2520425
el Campello,Spain,Valencia,2520447
Camas,Spain,Andalusia,2520477
Calvià,Spain,Balearic Islands,2520493
Calp,Spain,Valencia,2520496
Callosa de Segura,Spain,Valencia,2520502
Cadiz,Spain,Andalusia,2520600
Cáceres,Spain,Extremadura,2520611
Cabra,Spain,Andalusia,2520645
Burriana,Spain,Valencia,2520709
Burjassot,Spain,Valencia,2520712
Bormujos,Spain,Andalusia,2520833
Bétera,Spain,Valencia,2520968
Berja,Spain,Andalusia,2521016
Benidorm,Spain,Valencia,2521088
Benetússer,Spain,Valencia,2521105
Benalmádena,Spain,Andalusia,2521139
Baza,Spain,Andalusia,2521215
Barbate de Franco,Spain,Andalusia,2521335
Bailén,Spain,Andalusia,2521410
Baeza,Spain,Andalusia,2521413
Baena,Spain,Andalusia,2521415
Badajoz,Spain,Extremadura,2521420
Zarautz,Spain,Basque Country,3104316
Zaragoza,Spain,Aragon,3104324
Zamora,Spain,Castille and León,3104342
Viveiro,Spain,Galicia,3104475
Gasteiz / Vitoria,Spain,Basque Country,3104499
Vinaròs,Spain,Valencia,3104584
Valladolid,Spain,Castille and León,3106672
Valdemoro,Spain,Madrid,3106868
Rivas-Vaciamadrid,Spain,Madrid,3107112
Utebo,Spain,Aragon,3107139
Tui,Spain,Galicia,3107364
Tudela,Spain,Navarre,3107418
Tortosa,Spain,Catalonia,3107677
Torrelodones,Spain,Madrid,3107765
Torrelavega,Spain,Cantabria,3107775
Torrejón de Ardoz,Spain,Madrid,3107784
Torredembarra,Spain,Catalonia,3107807
Tordera,Spain,Catalonia,3107955
Tolosa,Spain,Basque Country,3108008
Tetuán de las Victorias,Spain,Madrid,3108118
Teruel,Spain,Aragon,3108126
Teo,Spain,Galicia,3108165
Tàrrega,Spain,Catalonia,3108285
Terrassa,Spain,Catalonia,3108286
Tarragona,Spain,Catalonia,3108288
Tarancón,Spain,Castille-La Mancha,3108317
Soria,Spain,Castille and León,3108681
Sitges,Spain,Catalonia,3108877
Sestao,Spain,Basque Country,3109041
Seseña,Spain,Castille-La Mancha,3109050
Segovia,Spain,Castille and León,3109256
Cerdanyola del Vallès,Spain,Catalonia,3109402
Sant Vicenç dels Horts,Spain,Catalonia,3109442
Barakaldo,Spain,Basque Country,3109453
Santurtzi,Spain,Basque Country,3109481
Sant Just Desvern,Spain,Catalonia,3109546
Santiago de Compostela,Spain,Galicia,3109642
Santa Perpètua de Mogoda,Spain,Catalonia,3109689
Santander,Spain,Cantabria,3109718
Barberà del Vallès,Spain,Catalonia,3109804
Santa Coloma de Gramenet,Spain,Catalonia,3109981
San Sebastián de los Reyes,Spain,Madrid,3110040
Donostia / San Sebastián,Spain,Basque Country,3110044
Sant Quirze del Vallès,Spain,Catalonia,3110101
Sant Pere de Ribes,Spain,Catalonia,3110143
San Martín de la Vega,Spain,Madrid,3110360
San Lorenzo de El Escorial,Spain,Madrid,3110458
Vilassar de Mar,Spain,Catalonia,3110516
Sant Joan Despí,Spain,Catalonia,3110519
Ribeira,Spain,Galicia,3111807
Reus,Spain,Catalonia,3111933
Errenteria,Spain,Basque Country,3112011
Redondela,Spain,Galicia,3112154
Puente de Vallecas,Spain,Madrid,3112737
Ponteareas,Spain,Galicia,3112761
Premià de Mar,Spain,Catalonia,3112866
Pozuelo de Alarcón,Spain,Madrid,3112989
Poio,Spain,Galicia,3113035
Portugalete,Spain,Basque Country,3113082
Porriño,Spain,Galicia,3113157
Pontevedra,Spain,Galicia,3113209
Ponferrada,Spain,Castille and León,3113236
Plasencia,Spain,Extremadura,3113331
Pinto,Spain,Madrid,3113415
Pineda de Mar,Spain,Catalonia,3113526
Parla,Spain,Madrid,3114256
Parets del Vallès,Spain,Catalonia,3114267
Pamplona,Spain,Navarre,3114472
Palencia,Spain,Castille and León,3114531
Palamós,Spain,Catalonia,3114566
Palafrugell,Spain,Catalonia,3114567
Oviedo,Spain,Asturias,3114711
Oria,Spain,Basque Country,3114957
Ourense,Spain,Galicia,3114965
Olot,Spain,Catalonia,3115093
Olesa de Montserrat,Spain,Catalonia,3115171
Oleiros,Spain,Galicia,3115177
Nigrán,Spain,Galicia,3115463
Navalcarnero,Spain,Madrid,3115659
Narón,Spain,Galicia,3115739
Mungia,Spain,Basque Country,3115907
Móstoles,Spain,Madrid,3116025
Moratalaz,Spain,Madrid,3116156
Monzón,Spain,Aragon,3116224
Montornès del Vallès,Spain,Catalonia,3116262
Monforte de Lemos,Spain,Galicia,3116478
Arrasate / Mondragón,Spain,Basque Country,3116503
Montcada i Reixac,Spain,Catalonia,3116527
Mollet del Vallès,Spain,Catalonia,3116553
Molins de Rei,Spain,Catalonia,3116562
Moaña,Spain,Galicia,3116653
Miranda de Ebro,Spain,Castille and León,3116689
Mieres,Spain,Asturias,3116789
Mejorada del Campo,Spain,Madrid,3116963
Medina del Campo,Spain,Castille and León,3117010
Mataró,Spain,Catalonia,3117164
El Masnou,Spain,Catalonia,3117232
Martorell,Spain,Catalonia,3117331
Marín,Spain,Galicia,3117409
Manresa,Spain,Catalonia,3117533
Manlleu,Spain,Catalonia,3117539
Malgrat de Mar,Spain,Catalonia,3117636
Majadahonda,Spain,Madrid,3117667
Madrid,Spain,Madrid,3117735
Lugo,Spain,Galicia,3117814
Logroño,Spain,La Rioja,3118150
Lloret de Mar,Spain,Catalonia,3118212
Laudio / Llodio,Spain,Basque Country,3118228
Lleida,Spain,Catalonia,3118514
León,Spain,Castille and León,3118532
Leioa,Spain,Basque Country,3118554
Leganés,Spain,Madrid,3118594
Las Rozas de Madrid,Spain,Madrid,3118848
Lasarte,Spain,Basque Country,3119027
La Pineda,Spain,Catalonia,3119231
Lalín,Spain,Galicia,3119536
Laguna de Duero,Spain,Castille and León,3119631
A Estrada,Spain,Galicia,3119746
A Coruña,Spain,Galicia,3119841
Irun,Spain,Basque Country,3120304
Illescas,Spain,Castille-La Mancha,3120410
Igualada,Spain,Catalonia,3120431
Humanes de Madrid,Spain,Madrid,3120501
Huesca,Spain,Aragon,3120514
LHospitalet de Llobregat,Spain,Catalonia,3120619
Hortaleza,Spain,Madrid,3120635
Hernani,Spain,Basque Country,3120811
Gernika-Lumo,Spain,Basque Country,3120989
Getxo,Spain,Basque Country,3121007
Guadalajara,Spain,Castille-La Mancha,3121070
Granollers,Spain,Catalonia,3121145
Gràcia,Spain,Catalonia,3121245
Gijón,Spain,Asturias,3121424
Getafe,Spain,Madrid,3121437
Girona,Spain,Catalonia,3121456
Gavà,Spain,Catalonia,3121519
Galdakao,Spain,Basque Country,3121751
Galapagar,Spain,Madrid,3121766
Hondarribia,Spain,Basque Country,3121881
Fuenlabrada,Spain,Madrid,3121960
Figueras,Spain,Asturias,3122452
Figueres,Spain,Catalonia,3122453
Esplugues de Llobregat,Spain,Catalonia,3122826
Esparreguera,Spain,Catalonia,3122912
Ermua,Spain,Basque Country,3123063
Erandio,Spain,Basque Country,3123104
El Prat de Llobregat,Spain,Catalonia,3123329
Ferrol,Spain,Galicia,3123493
El Astillero,Spain,Cantabria,3123667
Ejea de los Caballeros,Spain,Aragon,3123688
Eibar,Spain,Basque Country,3123709
Burlata,Spain,Navarre,3127451
Burgos,Spain,Castille and León,3127461
Boiro,Spain,Galicia,3127889
Boadilla del Monte,Spain,Madrid,3127958
Blanes,Spain,Catalonia,3127978
Bilbao,Spain,Basque Country,3128026
Bermeo,Spain,Basque Country,3128174
Berga,Spain,Catalonia,3128201
Benicàssim,Spain,Valencia,3128272
Benicarló,Spain,Valencia,3128273
Benavente,Spain,Castille and León,3128291
Béjar,Spain,Castille and León,3128382
Barcelona,Spain,Catalonia,3128760
Barbastro,Spain,Aragon,3128795
Barañáin,Spain,Navarre,3128824
Barajas de Madrid,Spain,Madrid,3128832
Banyoles,Spain,Catalonia,3128885
Eixample,Spain,Catalonia,6544100
les Corts,Spain,Catalonia,6544101
Sarrià-Sant Gervasi,Spain,Catalonia,6544102
Horta-Guinardó,Spain,Catalonia,6544103
Sants-Montjuïc,Spain,Catalonia,6544104
Sant Martí,Spain,Catalonia,6544105
Ciutat Vella,Spain,Catalonia,6544106
Arganzuela,Spain,Madrid,6544487
San Blas,Spain,Madrid,6544488
Latina,Spain,Madrid,6544489
Usera,Spain,Madrid,6544490
Salamanca,Spain,Madrid,6544491
Chamberí,Spain,Madrid,6544492
Carabanchel,Spain,Madrid,6544493
City Center,Spain,Madrid,6544494
Retiro,Spain,Madrid,6544495
lAlfàs del Pi,Spain,Valencia,6559503
Las Gabias,Spain,Andalusia,6559641
Delicias,Spain,Aragon,6615440
Almozara,Spain,Aragon,6615442
Montecanal,Spain,Aragon,6615443
Oliver-Valdefierro,Spain,Aragon,6615444
Santutxu,Spain,Basque Country,6618856
Los Realejos,Spain,Canary Islands,6692471
Pasaia,Spain,Basque Country,6693088
Basauri,Spain,Basque Country,6697039
Llefià,Spain,Catalonia,6943537
Corvera de Asturias,Spain,Asturias,7115111
Tres Cantos,Spain,Madrid,7577022
Iturrama,Spain,Navarre,8050879
Ermitagaña,Spain,Navarre,8050880
Primer Ensanche,Spain,Navarre,8050888
Segundo Ensanche,Spain,Navarre,8050889
Fuencarral-El Pardo,Spain,Madrid,8285534
Villa de Vallecas,Spain,Madrid,8285535
Natahoyo,Spain,Asturias,8629192
Vienne,France,Auvergne-Rhône-Alpes,2969284
Vichy,France,Auvergne-Rhône-Alpes,2969392
Vesoul,France,Bourgogne-Franche-Comté,2969562
Vertou,France,Pays de la Loire,2969612
Versailles,France,Île-de-France,2969679
Verrières-le-Buisson,France,Île-de-France,2969692
Vernon,France,Normandy,2969766
Verneuil-sur-Seine,France,Île-de-France,2969796
Verdun,France,Alsace-Champagne-Ardenne-Lorraine,2969958
Vénissieux,France,Auvergne-Rhône-Alpes,2970072
Vendôme,France,Centre,2970110
Vence,France,Provence-Alpes-Côte dAzur,2970148
Vélizy-Villacoublay,France,Île-de-France,2970203
Vauréal,France,Île-de-France,2970432
Vaulx-en-Velin,France,Auvergne-Rhône-Alpes,2970456
Vanves,France,Île-de-France,2970761
Vannes,France,Brittany,2970777
Vandœuvre-lès-Nancy,France,Alsace-Champagne-Ardenne-Lorraine,2970797
Vallauris,France,Provence-Alpes-Côte dAzur,2970962
Valenciennes,France,Nord-Pas-de-Calais-Picardie,2971041
Valence,France,Auvergne-Rhône-Alpes,2971053
Strasbourg,France,Alsace-Champagne-Ardenne-Lorraine,2973783
Stains,France,Île-de-France,2973841
Sotteville-lès-Rouen,France,Normandy,2974153
Sorgues,France,Provence-Alpes-Côte dAzur,2974188
Soisy-sous-Montmorency,France,Île-de-France,2974385
Soissons,France,Nord-Pas-de-Calais-Picardie,2974389
Six-Fours-les-Plages,France,Provence-Alpes-Côte dAzur,2974427
Sin-le-Noble,France,Nord-Pas-de-Calais-Picardie,2974494
Seynod,France,Auvergne-Rhône-Alpes,2974655
Sèvres,France,Île-de-France,2974678
Salon-de-Provence,France,Provence-Alpes-Côte dAzur,2976341
Sallanches,France,Auvergne-Rhône-Alpes,2976406
Saint-Sébastien-sur-Loire,France,Pays de la Loire,2976984
Rennes,France,Brittany,2983990
Reims,France,Alsace-Champagne-Ardenne-Lorraine,2984114
Rambouillet,France,Île-de-France,2984513
Quimper,France,Brittany,2984701
Puteaux,France,Île-de-France,2985034
Port-de-Bouc,France,Provence-Alpes-Côte dAzur,2986025
Pontoise,France,Île-de-France,2986140
Pontivy,France,Brittany,2986160
Pontarlier,France,Bourgogne-Franche-Comté,2986302
Pont-à-Mousson,France,Alsace-Champagne-Ardenne-Lorraine,2986306
Poitiers,France,Aquitaine-Limousin-Poitou-Charentes,2986495
Poissy,France,Île-de-France,2986501
Ploemeur,France,Brittany,2986732
Plaisir,France,Île-de-France,2986930
Plaisance-du-Touch,France,Languedoc-Roussillon-Midi-Pyrénées,2986933
Pierrefitte-sur-Seine,France,Île-de-France,2987271
Pessac,France,Aquitaine-Limousin-Poitou-Charentes,2987805
Pertuis,France,Provence-Alpes-Côte dAzur,2987825
Perpignan,France,Languedoc-Roussillon-Midi-Pyrénées,2987914
Périgueux,France,Aquitaine-Limousin-Poitou-Charentes,2987967
Pau,France,Aquitaine-Limousin-Poitou-Charentes,2988358
Paris,France,Île-de-France,2988507
Pantin,France,Île-de-France,2988621
Pamiers,France,Languedoc-Roussillon-Midi-Pyrénées,2988670
Palaiseau,France,Île-de-France,2988758
Nantes,France,Pays de la Loire,2990969
Nanterre,France,Île-de-France,2990970
Nancy,France,Alsace-Champagne-Ardenne-Lorraine,2990999
Montmorency,France,Île-de-France,2992229
Montluçon,France,Auvergne-Rhône-Alpes,2992292
Montivilliers,France,Normandy,2992367
Montigny-lès-Metz,France,Alsace-Champagne-Ardenne-Lorraine,2992402
Montigny-lès-Cormeilles,France,Île-de-France,2992404
Montigny-le-Bretonneux,France,Île-de-France,2992415
Montgeron,France,Île-de-France,2992536
Montfermeil,France,Île-de-France,2992616
Montesson,France,Île-de-France,2992650
Montereau-Fault-Yonne,France,Île-de-France,2992671
Montélimar,France,Auvergne-Rhône-Alpes,2992703
Mont-de-Marsan,France,Aquitaine-Limousin-Poitou-Charentes,2992771
Montceau-les-Mines,France,Bourgogne-Franche-Comté,2992863
Montbrison,France,Auvergne-Rhône-Alpes,2992890
Montbéliard,France,Bourgogne-Franche-Comté,2992938
Montauban,France,Languedoc-Roussillon-Midi-Pyrénées,2993002
Montargis,France,Centre,2993024
Mons-en-Barœul,France,Nord-Pas-de-Calais-Picardie,2993207
Moissy-Cramayel,France,Île-de-France,2993572
Lille,France,Nord-Pas-de-Calais-Picardie,2998324
Liévin,France,Nord-Pas-de-Calais-Picardie,2998431
Libourne,France,Aquitaine-Limousin-Poitou-Charentes,2998517
LHaÿ-les-Roses,France,Île-de-France,2998632
Le Vésinet,France,Île-de-France,2998854
Levallois-Perret,France,Île-de-France,2998975
Issy-les-Moulineaux,France,Île-de-France,3012649
Issoire,France,Auvergne-Rhône-Alpes,3012664
Illzach,France,Alsace-Champagne-Ardenne-Lorraine,3012829
Illkirch-Graffenstaden,France,Alsace-Champagne-Ardenne-Lorraine,3012834
Hyères,France,Provence-Alpes-Côte dAzur,3012937
Houilles,France,Île-de-France,3013097
Hérouville-Saint-Clair,France,Normandy,3013403
Herblay,France,Île-de-France,3013477
Hénin-Beaumont,France,Nord-Pas-de-Calais-Picardie,3013525
Hem,France,Nord-Pas-de-Calais-Picardie,3013549
Hazebrouck,France,Nord-Pas-de-Calais-Picardie,3013619
Hayange,France,Alsace-Champagne-Ardenne-Lorraine,3013627
Hautmont,France,Nord-Pas-de-Calais-Picardie,3013681
Yutz,France,Alsace-Champagne-Ardenne-Lorraine,3013701
Haubourdin,France,Nord-Pas-de-Calais-Picardie,3013862
Halluin,France,Nord-Pas-de-Calais-Picardie,3014034
Haguenau,France,Alsace-Champagne-Ardenne-Lorraine,3014078
Eysines,France,Aquitaine-Limousin-Poitou-Charentes,3019193
Évry,France,Île-de-France,3019256
Évreux,France,Normandy,3019265
Étampes,France,Île-de-France,3019459
La Baule-Escoublac,France,Pays de la Loire,3019766
Ermont,France,Île-de-France,3019897
Éragny,France,Île-de-France,3019952
Équeurdreville-Hainneville,France,Normandy,3019960
Épinay-sur-Seine,France,Île-de-France,3020020
Épinal,France,Alsace-Champagne-Ardenne-Lorraine,3020035
Épernay,France,Alsace-Champagne-Ardenne-Lorraine,3020062
Elbeuf,France,Normandy,3020307
Élancourt,France,Île-de-France,3020310
Écully,France,Auvergne-Rhône-Alpes,3020392
Échirolles,France,Auvergne-Rhône-Alpes,3020495
Eaubonne,France,Île-de-France,3020601
Dunkerque,France,Nord-Pas-de-Calais-Picardie,3020686
Dreux,France,Centre,3020810
Draveil,France,Île-de-France,3020832
Drancy,France,Île-de-France,3020839
Draguignan,France,Provence-Alpes-Côte dAzur,3020850
Douarnenez,France,Brittany,3020996
Douai,France,Nord-Pas-de-Calais-Picardie,3021000
Domont,France,Île-de-France,3021150
Dole,France,Bourgogne-Franche-Comté,3021263
Dijon,France,Bourgogne-Franche-Comté,3021372
Digne-les-Bains,France,Provence-Alpes-Côte dAzur,3021382
Dieppe,France,Normandy,3021411
Deuil-la-Barre,France,Île-de-France,3021516
Denain,France,Nord-Pas-de-Calais-Picardie,3021605
Décines-Charpieu,France,Auvergne-Rhône-Alpes,3021662
Dax,France,Aquitaine-Limousin-Poitou-Charentes,3021670
Dammarie-les-Lys,France,Île-de-France,3021852
Cugnaux,France,Languedoc-Roussillon-Midi-Pyrénées,3022151
Croix,France,Nord-Pas-de-Calais-Picardie,3022376
Marseille 16,France,Provence-Alpes-Côte dAzur,7284897
Worcester,United Kingdom,England,2633563
Woodford Green,United Kingdom,England,2633655
Wombwell,United Kingdom,England,2633681
Wolverhampton,United Kingdom,England,2633691
Wokingham,United Kingdom,England,2633708
Woking,United Kingdom,England,2633709
Stirling,United Kingdom,Scotland,2636910
Stevenage,United Kingdom,England,2636940
Staveley,United Kingdom,England,2636995
Stamford,United Kingdom,England,2637104
Southampton,United Kingdom,England,2637487
Southall,United Kingdom,England,2637490
Sheffield,United Kingdom,England,2638077
Seaham,United Kingdom,England,2638302
Seaford,United Kingdom,England,2638311
Scunthorpe,United Kingdom,England,2638324
Norwich,United Kingdom,England,2641181
Manchester,United Kingdom,England,2643123
Loughborough,United Kingdom,England,2643567
Longfield,United Kingdom,England,2643696
Long Eaton,United Kingdom,England,2643697
Londonderry County Borough,United Kingdom,Northern Ireland,2643734
Derry,United Kingdom,Northern Ireland,2643736
City of London,United Kingdom,England,2643741
London,United Kingdom,England,2643743
Split,Croatia,Splitsko-Dalmatinska,3190261
Budapest I. kerület,Hungary,Budapest,7284844
Scicli,Italy,Sicily,2523192
Sciacca,Italy,Sicily,2523194
San Giovanni la Punta,Italy,Sicily,2523460
San Giovanni in Fiore,Italy,Calabria,2523461
San Cataldo,Italy,Sicily,2523513
Rossano Stazione,Italy,Calabria,2523577
Rosolini,Italy,Sicily,2523581
Ribera,Italy,Sicily,2523619
Reggio Calabria,Italy,Calabria,2523630
Ragusa,Italy,Sicily,2523650
Quattromiglia,Italy,Calabria,2523664
Quartu SantElena,Italy,Sardinia,2523665
Pozzallo,Italy,Sicily,2523693
Porto Empedocle,Italy,Sicily,2523705
Piazza Armerina,Italy,Sicily,2523796
Paternò,Italy,Sicily,2523866
Partinico,Italy,Sicily,2523871
Palmi,Italy,Calabria,2523902
Palma di Montechiaro,Italy,Sicily,2523908
Palermo,Italy,Sicily,2523920
Palagonia,Italy,Sicily,2523927
Pachino,Italy,Sicily,2523938
Oristano,Italy,Sardinia,2523964
Noto,Italy,Sicily,2523998
Niscemi,Italy,Sicily,2524006
Nicastro-Sambiase,Italy,Calabria,2524013
Monserrato,Italy,Sardinia,2524084
Monreale,Italy,Sicily,2524085
Modica,Italy,Sicily,2524119
Misterbianco,Italy,Sicily,2524123
Misilmeri,Italy,Sicily,2524126
Milazzo,Italy,Sicily,2524155
Messina,Italy,Sicily,2524170
Mazara del Vallo,Italy,Sicily,2524205
Mascalucia,Italy,Sicily,2524236
Marsala,Italy,Sicily,2524245
Licata,Italy,Sicily,2524393
Lentini,Italy,Sicily,2524410
Iglesias,Italy,Sardinia,2524533
Gioia Tauro,Italy,Calabria,2524606
Giarre,Italy,Sicily,2524618
Gela,Italy,Sicily,2524653
Floridia,Italy,Sicily,2524734
Favara,Italy,Sicily,2524786
Enna,Italy,Sicily,2524819
Crotone,Italy,Calabria,2524881
Cosenza,Italy,Calabria,2524907
Comiso,Italy,Sicily,2524955
Catanzaro,Italy,Calabria,2525059
Catania,Italy,Sicily,2525068
Castrovillari,Italy,Calabria,2525070
Castelvetrano,Italy,Sicily,2525083
Casarano,Italy,Apulia,2525207
Carini,Italy,Sicily,2525350
Carbonia,Italy,Sardinia,2525362
Canicattì,Italy,Sicily,2525405
Caltanissetta,Italy,Sicily,2525448
Caltagirone,Italy,Sicily,2525450
Cagliari,Italy,Sardinia,2525473
Bronte,Italy,Sicily,2525498
Biancavilla,Italy,Sicily,2525560
Belpasso,Italy,Sicily,2525571
Barcellona Pozzo di Gotto,Italy,Sicily,2525597
Bagheria,Italy,Sicily,2525628
Avola,Italy,Sicily,2525643
Augusta,Italy,Sicily,2525646
Assemini,Italy,Sardinia,2525655
Amato,Italy,Calabria,2525725
Alcamo,Italy,Sicily,2525755
Agrigento,Italy,Sicily,2525764
Adrano,Italy,Sicily,2525769
Acireale,Italy,Sicily,2525790
Aci Catena,Italy,Sicily,2525791
Aci Castello,Italy,Sicily,2525792
Zola Predosa,Italy,Emilia-Romagna,3163853
Voghera,Italy,Lombardy,3163995
Vittorio Veneto,Italy,Veneto,3164028
Viterbo,Italy,Latium,3164039
Vimodrone,Italy,Lombardy,3164080
Vimercate,Italy,Lombardy,3164083
Lancenigo-Villorba,Italy,Veneto,3164090
Villaricca,Italy,Campania,3164153
Villafranca di Verona,Italy,Veneto,3164241
Vignola,Italy,Emilia-Romagna,3164342
Vigevano,Italy,Lombardy,3164376
Vicenza,Italy,Veneto,3164419
Viareggio,Italy,Tuscany,3164433
Verona,Italy,Veneto,3164527
Vercelli,Italy,Piedmont,3164565
Ventimiglia,Italy,Liguria,3164582
Venice,Italy,Veneto,3164603
Venaria Reale,Italy,Piedmont,3164617
Velletri,Italy,Latium,3164630
Vasto,Italy,Abruzzo,3164672
Varese,Italy,Lombardy,3164699
Valenzano,Italy,Apulia,3164919
Valenza,Italy,Piedmont,3164920
Valdagno,Italy,Veneto,3164954
Udine,Italy,Friuli Venezia Giulia,3165072
Triggiano,Italy,Apulia,3165178
Trieste,Italy,Friuli Venezia Giulia,3165185
Trezzano sul Naviglio,Italy,Lombardy,3165198
Treviso,Italy,Veneto,3165201
Treviglio,Italy,Lombardy,3165207
Trentola-Ducenta,Italy,Campania,3165240
Trento,Italy,Trentino-Alto Adige,3165243
Trecate,Italy,Piedmont,3165275
Trani,Italy,Apulia,3165322
Tradate,Italy,Lombardy,3165340
Tortona,Italy,Piedmont,3165370
Torremaggiore,Italy,Apulia,3165435
Torre del Greco,Italy,Campania,3165456
Torre Annunziata,Italy,Campania,3165475
Turin,Italy,Piedmont,3165524
Tolentino,Italy,The Marches,3165595
Tivoli,Italy,Latium,3165624
Thiene,Italy,Veneto,3165698
Terzigno,Italy,Campania,3165737
Terracina,Italy,Latium,3165762
Terni,Italy,Umbria,3165771
Termoli,Italy,Molise,3165773
Terlizzi,Italy,Apulia,3165788
Teramo,Italy,Abruzzo,3165803
Taranto,Italy,Apulia,3165926
Suzzara,Italy,Lombardy,3166006
Sulmona,Italy,Abruzzo,3166034
Spoleto,Italy,Umbria,3166236
Sora,Italy,Latium,3166387
Sondrio,Italy,Lombardy,3166397
Somma Vesuviana,Italy,Campania,3166404
Siena,Italy,Tuscany,3166548
Sezze,Italy,Latium,3166571
Seveso,Italy,Lombardy,3166574
Settimo Torinese,Italy,Piedmont,3166576
Sestri Levante,Italy,Liguria,3166595
Sesto San Giovanni,Italy,Lombardy,3166598
Sesto Fiorentino,Italy,Tuscany,3166601
Seriate,Italy,Lombardy,3166706
Seregno,Italy,Lombardy,3166711
Senigallia,Italy,The Marches,3166740
Senago,Italy,Lombardy,3166753
Segrate,Italy,Lombardy,3166808
Schio,Italy,Veneto,3166917
Scandicci,Italy,Tuscany,3166988
Scafati,Italy,Campania,3167010
Savona,Italy,Liguria,3167022
Savigliano,Italy,Piedmont,3167034
Sava,Italy,Apulia,3167044
Sassuolo,Italy,Emilia-Romagna,3167053
Sassari,Italy,Sardinia,3167096
Sarzana,Italy,Liguria,3167104
Saronno,Italy,Lombardy,3167113
Sarno,Italy,Campania,3167116
San Vito dei Normanni,Italy,Apulia,3167184
Santeramo in Colle,Italy,Apulia,3167327
SantAntonio Abate,Italy,Campania,3167393
SantAntimo,Italy,Campania,3167419
SantAnastasia,Italy,Campania,3167509
Santa Maria Capua Vetere,Italy,Campania,3167561
San Severo,Italy,Apulia,3167731
San Sebastiano,Italy,Lombardy,3167744
San Salvo,Italy,Abruzzo,3167751
San Remo,Italy,Liguria,3167777
Sannicandro Garganico,Italy,Apulia,3167940
San Miniato,Italy,Tuscany,3167953
San Miniato Basso,Italy,Tuscany,3167954
San Mauro Torinese,Italy,Piedmont,3167978
San Lazzaro,Italy,Emilia-Romagna,3168175
San Giuseppe Vesuviano,Italy,Campania,3168209
San Giuliano Milanese,Italy,Lombardy,3168222
San Giovanni Valdarno,Italy,Tuscany,3168231
San Giovanni Rotondo,Italy,Apulia,3168234
San Giovanni Lupatoto,Italy,Veneto,3168236
San Giovanni in Persiceto,Italy,Emilia-Romagna,3168239
San Giorgio a Cremano,Italy,Campania,3168309
San Donato Milanese,Italy,Lombardy,3168414
San Donà di Piave,Italy,Veneto,3168429
San Bonifacio,Italy,Veneto,3168514
San Benedetto del Tronto,Italy,The Marches,3168550
Salsomaggiore Terme,Italy,Emilia-Romagna,3168627
Salerno,Italy,Campania,3168673
Sacile,Italy,Friuli Venezia Giulia,3168730
Ruvo di Puglia,Italy,Apulia,3168770
Rutigliano,Italy,Apulia,3168775
Rozzano,Italy,Lombardy,3168837
Rovigo,Italy,Veneto,3168843
Rovereto,Italy,Trentino-Alto Adige,3168854
Rosignano Solvay-Castiglioncello,Italy,Tuscany,3168930
Roseto degli Abruzzi,Italy,Abruzzo,3168936
Romano di Lombardia,Italy,Lombardy,3169056
Rome,Italy,Latium,3169070
Rocca di Papa,Italy,Latium,3169181
Rivoli,Italy,Piedmont,3169231
Rimini,Italy,Emilia-Romagna,3169361
Rieti,Italy,Latium,3169412
Riccione,Italy,Emilia-Romagna,3169424
Rho,Italy,Lombardy,3169447
Reggio nellEmilia,Italy,Emilia-Romagna,3169522
Ravenna,Italy,Emilia-Romagna,3169561
Rapallo,Italy,Liguria,3169602
Qualiano,Italy,Campania,3169724
Putignano,Italy,Apulia,3169742
Prato,Italy,Tuscany,3169921
Pozzuoli,Italy,Campania,3169984
Potenza,Italy,Basilicate,3170027
Porto Torres,Italy,Sardinia,3170069
Porto SantElpidio,Italy,The Marches,3170072
Porto San Giorgio,Italy,The Marches,3170073
Portogruaro,Italy,Veneto,3170086
Civitanova Marche,Italy,The Marches,3170102
Portici,Italy,Campania,3170116
Pordenone,Italy,Friuli Venezia Giulia,3170147
Pontedera,Italy,Tuscany,3170272
Pompei,Italy,Campania,3170335
Pomigliano dArco,Italy,Campania,3170341
Pomezia,Italy,Latium,3170342
Poggiomarino,Italy,Campania,3170457
Poggibonsi,Italy,Tuscany,3170504
Pistoia,Italy,Tuscany,3170621
Pisa,Italy,Tuscany,3170647
Piossasco,Italy,Piedmont,3170659
Piombino,Italy,Tuscany,3170674
Pioltello,Italy,Lombardy,3170676
Pinerolo,Italy,Piedmont,3170694
Pietrasanta,Italy,Tuscany,3170778
Piacenza,Italy,Emilia-Romagna,3171058
Pescara,Italy,Abruzzo,3171168
Pesaro,Italy,The Marches,3171173
Perugia,Italy,Umbria,3171180
Pavia,Italy,Lombardy,3171366
Parma,Italy,Emilia-Romagna,3171457
Parabiago,Italy,Lombardy,3171484
Palo del Colle,Italy,Apulia,3171562
Palazzolo sullOglio,Italy,Lombardy,3171586
Palagiano,Italy,Apulia,3171664
Pagani,Italy,Campania,3171703
Padova,Italy,Veneto,3171728
Paderno Dugnano,Italy,Lombardy,3171737
Ottaviano,Italy,Campania,3171778
Ostuni,Italy,Apulia,3171786
Osimo,Italy,The Marches,3171848
Orta Nova,Italy,Apulia,3171900
Orbassano,Italy,Piedmont,3171986
Olbia,Italy,Sardinia,3172087
Oderzo,Italy,Veneto,3172116
Nuoro,Italy,Sardinia,3172154
Novi Ligure,Italy,Piedmont,3172170
Novate Milanese,Italy,Lombardy,3172184
Novara,Italy,Piedmont,3172189
Nova Milanese,Italy,Lombardy,3172191
Nola,Italy,Campania,3172227
Noicattaro,Italy,Apulia,3172228
Noci,Italy,Apulia,3172240
Nocera Superiore,Italy,Campania,3172243
Nocera Inferiore,Italy,Campania,3172244
Nichelino,Italy,Piedmont,3172269
Nettuno,Italy,Latium,3172287
Nerviano,Italy,Lombardy,3172297
Nardò,Italy,Apulia,3172379
Napoli,Italy,Campania,3172394
Mugnano di Napoli,Italy,Campania,3172472
Muggiò,Italy,Lombardy,3172479
Monza,Italy,Lombardy,3172629
Montichiari,Italy,Lombardy,3172681
Montevarchi,Italy,Tuscany,3172718
Montesilvano Marina,Italy,Abruzzo,3172729
Monterotondo,Italy,Latium,3172768
Montemurlo,Italy,Tuscany,3172828
Montecchio Maggiore-Alte Ceccato,Italy,Veneto,3172979
Montecatini-Terme,Italy,Tuscany,3172996
Montebelluna,Italy,Veneto,3173029
Monopoli,Italy,Apulia,3173131
Monfalcone,Italy,Friuli Venezia Giulia,3173153
Mondragone,Italy,Campania,3173160
Mondovì,Italy,Piedmont,3173162
Moncalieri,Italy,Piedmont,3173180
Molfetta,Italy,Apulia,3173287
Mola di Bari,Italy,Apulia,3173302
Mogliano Veneto,Italy,Veneto,3173314
Modugno,Italy,Apulia,3173326
Modena,Italy,Emilia-Romagna,3173331
Mirano,Italy,Veneto,3173369
Mirandola,Italy,Emilia-Romagna,3173370
Mira Taglio,Italy,Veneto,3173385
Minturno,Italy,Latium,3173391
Milano,Italy,Lombardy,3173435
Mestre,Italy,Veneto,3173529
Mesagne,Italy,Apulia,3173537
Merano,Italy,Trentino-Alto Adige,3173577
Mentana,Italy,Latium,3173582
Melzo,Italy,Lombardy,3173599
Melito di Napoli,Italy,Campania,3173614
Melegnano,Italy,Lombardy,3173631
Meda,Italy,Lombardy,3173671
Matera,Italy,Basilicate,3173721
Massafra,Italy,Apulia,3173762
Massa,Italy,Tuscany,3173775
Martina Franca,Italy,Apulia,3173841
Marino,Italy,Latium,3173914
Marina di Carrara,Italy,Tuscany,3173935
Marigliano,Italy,Campania,3173945
Mariano Comense,Italy,Lombardy,3173949
Marcianise,Italy,Campania,3173995
Marano di Napoli,Italy,Campania,3174021
Mantova,Italy,Lombardy,3174051
Manfredonia,Italy,Apulia,3174092
Manduria,Italy,Apulia,3174096
Malnate,Italy,Lombardy,3174141
Magenta,Italy,Lombardy,3174295
Maddaloni,Italy,Campania,3174358
Macerata,Italy,The Marches,3174380
Lugo,Italy,Emilia-Romagna,3174494
Lucera,Italy,Apulia,3174526
Lucca,Italy,Tuscany,3174530
Lodi,Italy,Lombardy,3174638
Livorno,Italy,Tuscany,3174659
Lissone,Italy,Lombardy,3174679
Limbiate,Italy,Lombardy,3174719
Lido di Ostia,Italy,Latium,3174741
Lido,Italy,Veneto,3174748
Legnano,Italy,Lombardy,3174921
Legnago,Italy,Veneto,3174922
Lecco,Italy,Lombardy,3174945
Lecce,Italy,Apulia,3174953
Latina,Italy,Latium,3175058
La Spezia,Italy,Liguria,3175081
LAquila,Italy,Abruzzo,3175121
Lanciano,Italy,Abruzzo,3175173
Lainate,Italy,Lombardy,3175238
Ladispoli,Italy,Latium,3175298
Ivrea,Italy,Piedmont,3175384
Isernia,Italy,Molise,3175445
Ischia Porto,Italy,Campania,3175453
Ischia,Italy,Campania,3175458
Pallanza-Intra-Suna,Italy,Piedmont,3175500
Imperia,Italy,Liguria,3175532
Imola,Italy,Emilia-Romagna,3175537
Jesi,Italy,The Marches,3175628
Guidonia,Italy,Latium,3175678
Grumo Nevano,Italy,Campania,3175743
Grugliasco,Italy,Piedmont,3175755
Grottaglie,Italy,Apulia,3175773
Grottaferrata,Italy,Latium,3175775
Grosseto,Italy,Tuscany,3175786
Gravina in Puglia,Italy,Apulia,3175860
Gragnano,Italy,Campania,3175952
Gorizia,Italy,Friuli Venezia Giulia,3175986
Gorgonzola,Italy,Lombardy,3175990
Giussano,Italy,Lombardy,3176041
Giulianova,Italy,Abruzzo,3176053
Giugliano in Campania,Italy,Campania,3176059
Giovinazzo,Italy,Apulia,3176072
Gioia del Colle,Italy,Apulia,3176090
Ginosa,Italy,Apulia,3176097
Ghedi,Italy,Lombardy,3176177
Genzano di Roma,Italy,Latium,3176203
Genoa,Italy,Liguria,3176219
Garbagnate Milanese,Italy,Lombardy,3176322
Gallipoli,Italy,Apulia,3176366
Gallarate,Italy,Lombardy,3176391
Galatina,Italy,Apulia,3176407
Gaeta,Italy,Latium,3176438
Frosinone,Italy,Latium,3176515
Frattaminore,Italy,Campania,3176560
Frattamaggiore,Italy,Campania,3176561
Frascati,Italy,Latium,3176589
Francavilla Fontana,Italy,Apulia,3176603
Francavilla al Mare,Italy,Abruzzo,3176605
Fossano,Italy,Piedmont,3176639
Fornacelle,Italy,Tuscany,3176722
Formigine,Italy,Emilia-Romagna,3176733
Formia,Italy,Latium,3176738
Forlì,Italy,Emilia-Romagna,3176746
Forio,Italy,Campania,3176748
Fondi,Italy,Latium,3176843
Follonica,Italy,Tuscany,3176849
Foligno,Italy,Umbria,3176854
Foggia,Italy,Apulia,3176885
Fiumicino-Isola Sacra,Italy,Latium,3176923
Florence,Italy,Tuscany,3176959
Fiorano,Italy,Emilia-Romagna,3176970
Fidenza,Italy,Emilia-Romagna,3177029
Ferrara,Italy,Emilia-Romagna,3177090
Fermo,Italy,The Marches,3177099
Fasano,Italy,Apulia,3177171
Fano,Italy,The Marches,3177219
Falconara Marittima,Italy,The Marches,3177250
Faenza,Italy,Emilia-Romagna,3177300
Fabriano,Italy,The Marches,3177315
Ercolano,Italy,Campania,3177363
Erba,Italy,Lombardy,3177372
Empoli,Italy,Tuscany,3177400
Eboli,Italy,Campania,3177438
Domodossola,Italy,Piedmont,3177532
Desio,Italy,Lombardy,3177608
Desenzano del Garda,Italy,Lombardy,3177610
Dalmine,Italy,Lombardy,3177650
Cusano Milanino,Italy,Lombardy,3177664
Cuneo,Italy,Piedmont,3177700
Cremona,Italy,Lombardy,3177838
Crema,Italy,Lombardy,3177841
Corsico,Italy,Lombardy,3178004
Correggio,Italy,Emilia-Romagna,3178019
Cornaredo,Italy,Lombardy,3178074
Cormano,Italy,Lombardy,3178087
Cordenons,Italy,Friuli Venezia Giulia,3178112
Corato,Italy,Apulia,3178131
Copertino,Italy,Apulia,3178141
Conversano,Italy,Apulia,3178147
Conegliano,Italy,Veneto,3178197
Como,Italy,Lombardy,3178229
Cologno Monzese,Italy,Lombardy,3178283
Collegno,Italy,Piedmont,3178388
Colleferro,Italy,Latium,3178398
Colle di Val dElsa,Italy,Tuscany,3178402
Civitavecchia,Italy,Latium,3178587
Città di Castello,Italy,Umbria,3178619
Cisterna di Latina,Italy,Latium,3178631
Ciriè,Italy,Piedmont,3178650
Cinisello Balsamo,Italy,Lombardy,3178671
Ciampino,Italy,Latium,3178738
Chivasso,Italy,Piedmont,3178745
Chioggia,Italy,Veneto,3178784
Chieti,Italy,Abruzzo,3178796
Chieri,Italy,Piedmont,3178818
Chiavari,Italy,Liguria,3178832
Chiari,Italy,Lombardy,3178850
Cesenatico,Italy,Emilia-Romagna,3178956
Cesena,Italy,Emilia-Romagna,3178957
Cesano Maderno,Italy,Lombardy,3178972
Cervia,Italy,Emilia-Romagna,3178998
Cerveteri,Italy,Latium,3178999
Cernusco sul Naviglio,Italy,Lombardy,3179066
Cerignola,Italy,Apulia,3179075
Cercola,Italy,Campania,3179109
Cento,Italy,Emilia-Romagna,3179162
Ceglie Messapica,Italy,Apulia,3179218
Fuji,Japan,Shizuoka,1864134
Kariya,Japan,Hyōgo,1865412
Aki,Japan,Kochi,1865449
Aioi,Japan,Hyōgo,1865661
Ageoshimo,Japan,Saitama,1865714
Okinawa,Japan,Okinawa,1894616
Kushima,Japan,Miyazaki,1895695
Hikari,Japan,Yamaguchi,1896348
Nagato,Japan,Yamaguchi,1899102
Cabo San Lucas,Mexico,Baja California Sur,3985710
San Juan de los Lagos,Mexico,Jalisco,3985865
San José Iturbide,Mexico,Guanajuato,3986088
Nava,Mexico,Coahuila,3995050
Moroleón,Mexico,Guanajuato,3995343
Morelia,Mexico,Michoacán,3995402
Monterrey,Mexico,Nuevo León,3995465
Monclova,Mexico,Coahuila,3995523
Mexicali,Mexico,Baja California,3996069
Amsterdam,Netherlands,North Holland,2759794
Oslo,Norway,Oslo,3143244
Vialonga,Portugal,Lisbon,2261697
Torres Vedras,Portugal,Lisbon,2262581
Tomar,Portugal,Santarém,2262644
Sintra,Portugal,Lisbon,2262912
Sesimbra,Portugal,Setúbal,2262957
Setúbal,Portugal,Setúbal,2262963
São João da Talha,Portugal,Lisbon,2263326
Amadora,Portugal,Lisbon,2271772
Almada,Portugal,Setúbal,2271961
Algés,Portugal,Lisbon,2271985
Alcabideche,Portugal,Lisbon,2272215
Albufeira,Portugal,Faro,2272222
Viseu,Portugal,Viseu,2732265
Vila Real,Portugal,Vila Real,2732438
Vilar de Andorinho,Portugal,Porto,2732475
Vila Nova de Gaia,Portugal,Porto,2732544
Vila do Conde,Portugal,Porto,2732649
Viana do Castelo,Portugal,Viana do Castelo,2732773
Valongo,Portugal,Porto,2732978
Sequeira,Portugal,Guarda,2734106
Senhora da Hora,Portugal,Porto,2734140
São Pedro da Cova,Portugal,Porto,2734363
São Mamede de Infesta,Portugal,Porto,2734434
São João da Madeira,Portugal,Aveiro,2734484
Rio Tinto,Portugal,Porto,2735083
Póvoa de Varzim,Portugal,Porto,2735787
Porto,Portugal,Porto,2735943
Ponte de Lima,Portugal,Viana do Castelo,2736041
Pedroso,Portugal,Porto,2736521
Ovar,Portugal,Aveiro,2736930
Braga,Portugal,Braga,2742032
Bougado,Portugal,Porto,2742051
Barcelos,Portugal,Braga,2742416
Aveiro,Portugal,Aveiro,2742611
Mozhaysk,Russia,MO,524712
Mozdok,Russia,North Ossetia,524736
Mostovskoy,Russia,Krasnodarskiy,524809
Moscow,Russia,Moscow,524901
Nefteyugansk,Russia,Khanty-Mansiyskiy Avtonomnyy Okrug,1497917
Nazarovo,Russia,Krasnoyarskiy,1497951
Nadym,Russia,Yamalo-Nenetskiy Avtonomnyy Okrug,1498087
Myski,Russia,Kemerovo,1498129
Minusinsk,Russia,Krasnoyarskiy,1498693
Degtyarsk,Russia,Sverdlovsk,1507488
Chunskiy,Russia,Irkutsk,1507636
Chernogorsk,Russia,Khakasiya,1508054
Zeya,Russia,Amur,2012593
Yakutsk,Russia,Sakha,2013159
Tynda,Russia,Amur,2014718
Tulun,Russia,Irkutsk,2014927
Umeå,Sweden,Västerbotten,602150
Skellefteå,Sweden,Västerbotten,602913
Piteå,Sweden,Norrbotten,603570
Luleå,Sweden,Norrbotten,604490
Kiruna,Sweden,Norrbotten,605155
Boden,Sweden,Norrbotten,606531
Ystad,Sweden,Skåne,2662149
Visby,Sweden,Gotland,2662689
Växjö,Sweden,Kronoberg,2663536
Västervik,Sweden,Kalmar,2664203
Västerås,Sweden,Västmanland,2664454
Värnamo,Sweden,Jönköping,2664855
Varberg,Sweden,Halland,2664996
Vänersborg,Sweden,Västra Götaland,2665171
Vallentuna,Sweden,Stockholm,2665452
Uppsala,Sweden,Uppsala,2666199
Upplands Väsby,Sweden,Stockholm,2666238
Uddevalla,Sweden,Västra Götaland,2666670
Tumba,Sweden,Stockholm,2667094
Tullinge,Sweden,Stockholm,2667109
Trollhättan,Sweden,Västra Götaland,2667303
Trelleborg,Sweden,Skåne,2667402
Täby,Sweden,Stockholm,2669772
Sundsvall,Sweden,Västernorrland,2670781
Sundbyberg,Sweden,Stockholm,2670879
Stockholm,Sweden,Stockholm,2673730
Solna,Sweden,Stockholm,2675397
Sollentuna,Sweden,Stockholm,2675408
Södertälje,Sweden,Stockholm,2676176
Skövde,Sweden,Västra Götaland,2677234
Skara,Sweden,Västra Götaland,2678210
Sandviken,Sweden,Gävleborg,2680075
Råsunda,Sweden,Stockholm,2683034
Partille,Sweden,Västra Götaland,2684395
Östersund,Sweden,Jämtland,2685750
Östermalm,Sweden,Stockholm,2685828
Oskarshamn,Sweden,Kalmar,2686162
Örnsköldsvik,Sweden,Västernorrland,2686469
Örebro,Sweden,Örebro,2686657
Nyköping,Sweden,Södermanland,2687700
Norrtälje,Sweden,Stockholm,2688250
Norrköping,Sweden,Östergötland,2688368
Nässjö,Sweden,Jönköping,2690170
Nacka,Sweden,Stockholm,2690580
Motala,Sweden,Östergötland,2690960
Mölndal,Sweden,Västra Götaland,2691459
Märsta,Sweden,Stockholm,2692475
Malmö,Sweden,Skåne,2692969
Lund,Sweden,Skåne,2693678
Linköping,Sweden,Östergötland,2694762
Lidköping,Sweden,Västra Götaland,2696329
Lidingö,Sweden,Stockholm,2696334
Lerum,Sweden,Västra Götaland,2696503
Landskrona,Sweden,Skåne,2697720
Kungsbacka,Sweden,Halland,2698729
Kungälv,Sweden,Västra Götaland,2698739
Kristinehamn,Sweden,Värmland,2699282
Kristianstad,Sweden,Skåne,2699310
Köping,Sweden,Västmanland,2699791
Katrineholm,Sweden,Södermanland,2701223
Karlstad,Sweden,Värmland,2701680
Karlskrona,Sweden,Blekinge,2701713
Karlskoga,Sweden,Örebro,2701715
Karlshamn,Sweden,Blekinge,2701727
Kalmar,Sweden,Kalmar,2702261
Jönköping,Sweden,Jönköping,2702979
Jakobsberg,Sweden,Stockholm,2703396
Huskvarna,Sweden,Jönköping,2704136
Huddinge,Sweden,Stockholm,2704620
Helsingborg,Sweden,Skåne,2706767
Hässleholm,Sweden,Skåne,2707399
Härnösand,Sweden,Västernorrland,2707684
Haninge,Sweden,Stockholm,2707953
Halmstad,Sweden,Halland,2708365
Göteborg,Sweden,Västra Götaland,2711537
Gävle,Sweden,Gävleborg,2712414
Gamla Uppsala,Sweden,Uppsala,2712993
Falun,Sweden,Dalarna,2715459
Falköping,Sweden,Västra Götaland,2715568
Falkenberg,Sweden,Halland,2715573
Eslöv,Sweden,Skåne,2715946
Eskilstuna,Sweden,Södermanland,2715953
Enköping,Sweden,Uppsala,2716166
Bromma,Sweden,Stockholm,2719111
Borlänge,Sweden,Dalarna,2720383
Borås,Sweden,Västra Götaland,2720501
Boo,Sweden,Stockholm,2721259
Årsta,Sweden,Stockholm,2725201
Ängelholm,Sweden,Skåne,2725901
Alingsås,Sweden,Västra Götaland,2726756
Åkersberga,Sweden,Stockholm,2727234
Majorna,Sweden,Västra Götaland,6619708
Singapore,Singapore,Central Singapore,1880252
Jamestown,Saint Helena,Saint Helena,3370903
Trbovlje,Slovenia,Trbovlje,3188915
Velenje,Slovenia,Velenje,3189075
Ptuj,Slovenia,Ptuj,3192241
Novo Mesto,Slovenia,Novo Mesto,3194351
Maribor,Slovenia,Maribor,3195506
Ljubljana,Slovenia,Ljubljana,3196359
Kranj,Slovenia,Kranj,3197378
Koper,Slovenia,Koper-Capodistria,3197753
Celje,Slovenia,Celje,3202781
Longyearbyen,Svalbard and Jan Mayen,Svalbard,2729907
Vranov nad Topľou,Slovakia,Prešovský,723195
Trebišov,Slovakia,Košický,723358
Stará Ľubovňa,Slovakia,Prešovský,723505
Spišská Nová Ves,Slovakia,Košický,723526
Snina,Slovakia,Prešovský,723559
Rožňava,Slovakia,Košický,723713
Rimavská Sobota,Slovakia,Banskobystrický,723736
Prešov,Slovakia,Prešovský,723819
Poprad,Slovakia,Prešovský,723846
Michalovce,Slovakia,Košický,724144
Košice,Slovakia,Košický,724443
Kežmarok,Slovakia,Prešovský,724503
Humenné,Slovakia,Prešovský,724627
Bardejov,Slovakia,Prešovský,725168
Zvolen,Slovakia,Banskobystrický,3056459
Zlaté Moravce,Slovakia,Nitriansky,3056495
Žilina,Slovakia,Žilinský,3056508
Žiar nad Hronom,Slovakia,Banskobystrický,3056523
Trnava,Slovakia,Trnavský,3057124
Trenčín,Slovakia,Trenčiansky,3057140
Skalica,Slovakia,Trnavský,3057630
Senica,Slovakia,Trnavský,3057691
Sellye,Slovakia,Nitriansky,3057769
Ružomberok,Slovakia,Žilinský,3057789
Púchov,Slovakia,Nitriansky,3057963
Prievidza,Slovakia,Nitriansky,3058000
Považská Bystrica,Slovakia,Trenčiansky,3058060
Piešťany,Slovakia,Trnavský,3058202
Pezinok,Slovakia,Bratislavský,3058210
Partizánske,Slovakia,Nitriansky,3058268
Nové Zámky,Slovakia,Nitriansky,3058472
Nové Mesto nad Váhom,Slovakia,Trenčiansky,3058477
Nitra,Slovakia,Nitriansky,3058531
Martin,Slovakia,Žilinský,3058780
Malacky,Slovakia,Bratislavský,3058897
Lučenec,Slovakia,Banskobystrický,3058986
Liptovský Mikuláš,Slovakia,Žilinský,3059050
Levice,Slovakia,Nitriansky,3059101
Kysucké Nové Mesto,Slovakia,Žilinský,3059179
Komárno,Slovakia,Nitriansky,3059436
Hlohovec,Slovakia,Trnavský,3060095
Handlová,Slovakia,Nitriansky,3060139
Galanta,Slovakia,Trnavský,3060219
Dunajská Streda,Slovakia,Trnavský,3060308
Dubnica nad Váhom,Slovakia,Nitriansky,3060346
Dolný Kubín,Slovakia,Žilinský,3060405
Detva,Slovakia,Banskobystrický,3060589
Čadca,Slovakia,Žilinský,3060835
Brezno,Slovakia,Banskobystrický,3060950
Bratislava,Slovakia,Bratislavský,3060972
Merelani,Tanzania,Arusha,6640202
Lebedyn,Ukraine,Sumy,613273
Druzhkivka,Ukraine,Donetsk,616743
Vasylivka,Ukraine,Zaporizhia,686729
Zvenyhorodka,Ukraine,Cherkasy,686803
Zuhres,Ukraine,Donetsk,686818
Zolotonosha,Ukraine,Cherkasy,686875
Zolochiv,Ukraine,Lviv,686896
Znomenka,Ukraine,Kirovohrad,686919
Zmiyiv,Ukraine,Kharkiv,686928
Zhytomyr,Ukraine,Zhytomyr,686967
Zhmerynka,Ukraine,Vinnytska,687116
Zhovti Vody,Ukraine,Dnipropetrovsk,687196
Zhashkiv,Ukraine,Cherkasy,687245
Zdolbuniv,Ukraine,Rivne,687432
Zaporizhzhya,Ukraine,Zaporizhia,687700
Yuzhne,Ukraine,Odessa,687997
Yevpatoriya,Ukraine,Crimea,688105
Yenakiyeve,Ukraine,Donetsk,688148
Yasynuvata,Ukraine,Donetsk,688373
Yalta,Ukraine,Crimea,688533
Yahotyn,Ukraine,Kiev,688587
Vyshhorod,Ukraine,Kiev,688723
Vynohradiv,Ukraine,Zakarpattia,688746
Voznesensk,Ukraine,Mykolaiv,688860
Volnovakha,Ukraine,Donetsk,689198
Vovchans’k,Ukraine,Kharkiv,689304
Volodymyr-Volyns’kyy,Ukraine,Volyn,689378
Vyshneve,Ukraine,Kiev,689487
Vinnytsya,Ukraine,Vinnytska,689558
Vatutine,Ukraine,Cherkasy,690312
Vasylkiv,Ukraine,Kiev,690412
Uzhhorod,Ukraine,Zakarpattia,690548
Uman’,Ukraine,Cherkasy,690688
Tul’chyn,Ukraine,Vinnytska,691016
Tsyurupyns’k,Ukraine,Kherson,691037
Synel’nykove,Ukraine,Dnipropetrovsk,693796
Simferopol,Ukraine,Crimea,693805
Shpola,Ukraine,Cherkasy,693920
Shostka,Ukraine,Sumy,693942
Shepetivka,Ukraine,Khmelnytskyi,694216
Shakhtars’k,Ukraine,Donetsk,694382
Sevastopol,Ukraine,Misto Sevastopol’,694423
Pidhorodne,Ukraine,Dnipropetrovsk,696943
Pyryatyn,Ukraine,Poltava,697183
Pervomays’k,Ukraine,Luhansk,697592
Pervomays’k,Ukraine,Mykolaiv,697593
Pereyaslav-Khmel’nyts’kyy,Ukraine,Kiev,697637
Pereval’s’k,Ukraine,Luhansk,697650
Pavlohrad,Ukraine,Dnipropetrovsk,697889
Ovruch,Ukraine,Zhytomyr,698131
Orikhiv,Ukraine,Zaporizhia,698428
Oleksandriya,Ukraine,Kirovohrad,698625
Odessa,Ukraine,Odessa,698740
Ochakiv,Ukraine,Mykolaiv,698770
Obukhiv,Ukraine,Kiev,698782
Novyy Buh,Ukraine,Mykolaiv,698953
Novovolyns’k,Ukraine,Volyn,699035
Novoukrayinka,Ukraine,Kirovohrad,699078
Novomoskovs’k,Ukraine,Dnipropetrovsk,699445
Novohrad-Volyns’kyy,Ukraine,Zhytomyr,699553
Nova Kakhovka,Ukraine,Kherson,699839
Nosivka,Ukraine,Chernihiv,699917
Nizhyn,Ukraine,Chernihiv,699942
Nyzhn’ohirs’kyy,Ukraine,Crimea,700019
Nikopol’,Ukraine,Dnipropetrovsk,700051
Netishyn,Ukraine,Khmelnytskyi,700261
Nadvirna,Ukraine,Ivano-Frankivsk,700507
Mykolayiv,Ukraine,Mykolaiv,700569
Mukacheve,Ukraine,Zakarpattia,700646
Molodohvardiys’k,Ukraine,Luhansk,700829
Mohyliv-Podil’s’kyy,Ukraine,Vinnytska,700918
Miskhor,Ukraine,Crimea,700997
Myrhorod,Ukraine,Poltava,701075
Merefa,Ukraine,Kharkiv,701347
Melitopol’,Ukraine,Zaporizhia,701404
Mariupol,Ukraine,Donetsk,701822
Marhanets’,Ukraine,Dnipropetrovsk,701855
Malyn,Ukraine,Zhytomyr,702116
Makiyivka,Ukraine,Donetsk,702320
Lyubotyn,Ukraine,Kharkiv,702417
Lviv,Ukraine,Lviv,702550
Lutuhyne,Ukraine,Luhansk,702563
Luts’k,Ukraine,Volyn,702569
Luhansk,Ukraine,Luhansk,702658
Lubny,Ukraine,Poltava,702723
Lozova,Ukraine,Kharkiv,702760
Lysychans’k,Ukraine,Luhansk,702972
Ladyzhyn,Ukraine,Vinnytska,703428
Kiev,Ukraine,Kyiv City,703448
Kuznetsovs’k,Ukraine,Rivne,703464
Kurakhovo,Ukraine,Donetsk,703646
Kupjansk,Ukraine,Kharkiv,703656
Kryvyi Rih,Ukraine,Dnipropetrovsk,703845
Krolevets’,Ukraine,Sumy,704000
Kreminna,Ukraine,Luhansk,704138
Kremenets’,Ukraine,Ternopil,704143
Kremenchuk,Ukraine,Poltava,704147
Krasnyy Luch,Ukraine,Luhansk,704202
Krasnyy Lyman,Ukraine,Donetsk,704204
Krasnoperekops’k,Ukraine,Crimea,704362
Krasnohrad,Ukraine,Kharkiv,704388
Krasnodon,Ukraine,Luhansk,704403
Krasnoarmiys’k,Ukraine,Donetsk,704422
Krasyliv,Ukraine,Khmelnytskyi,704492
Kramators’k,Ukraine,Donetsk,704508
Kivsharivka,Ukraine,Kharkiv,704608
Kovel’,Ukraine,Volyn,704617
Kotovs’k,Ukraine,Odessa,704679
Kostopil’,Ukraine,Rivne,704737
Korsun’-Shevchenkivs’kyy,Ukraine,Cherkasy,704858
Korostyshiv,Ukraine,Zhytomyr,704885
Korosten’,Ukraine,Zhytomyr,704901
Kostyantynivka,Ukraine,Donetsk,705104
Konotop,Ukraine,Sumy,705135
Komsomol’s’ke,Ukraine,Kharkiv,705183
Kolomyya,Ukraine,Ivano-Frankivsk,705392
Kivertsi,Ukraine,Volyn,705730
Kirovs’k,Ukraine,Luhansk,705809
Kirovohrad,Ukraine,Kirovohrad,705812
Kiliya,Ukraine,Odessa,705883
Khust,Ukraine,Zakarpattia,706165
Khmel’nyts’kyy,Ukraine,Khmelnytskyi,706369
Ivano-Frankivs’k,Ukraine,Ivano-Frankivsk,707471
Irpin,Ukraine,Kiev,707565
Ilovays’k,Ukraine,Donetsk,707679
Illichivs’k,Ukraine,Odessa,707688
Horodok,Ukraine,Khmelnytskyi,707752
Horlivka,Ukraine,Donetsk,707753
Hlukhiv,Ukraine,Sumy,707758
Hulyaypole,Ukraine,Zaporizhia,707898
Horodok,Ukraine,Lviv,708313
Horodyshche,Ukraine,Cherkasy,708366
Hola Prystan’,Ukraine,Kherson,708632
Heniches’k,Ukraine,Kherson,708878
Hayvoron,Ukraine,Kirovohrad,708898
Haysyn,Ukraine,Vinnytska,708901
Hadyach,Ukraine,Poltava,709054
Feodosiya,Ukraine,Crimea,709161
Fastiv,Ukraine,Kiev,709248
Energodar,Ukraine,Zaporizhia,709276
Dzhankoy,Ukraine,Crimea,709334
Dzerzhyns’k,Ukraine,Donetsk,709354
Dunaivtsi,Ukraine,Khmelnytskyi,709429
Dubno,Ukraine,Rivne,709540
Drohobych,Ukraine,Lviv,709611
Donetsk,Ukraine,Donetsk,709717
Dolyna,Ukraine,Ivano-Frankivsk,709755
Dolynska,Ukraine,Kirovohrad,709782
Dokuchayevs’k,Ukraine,Donetsk,709835
Dobropillya,Ukraine,Donetsk,709900
Kentwood,United States,Michigan,4998018
Lansing,United States,Michigan,4998830
Lincoln Park,United States,Michigan,4999311
Livonia,United States,Michigan,4999837
Madison Heights,United States,Michigan,5000500
Marquette,United States,Michigan,5000947
Midland,United States,Michigan,5001929
Monroe,United States,Michigan,5002344
Mount Clemens,United States,Michigan,5002656
Mount Pleasant,United States,Michigan,5002714
Muskegon,United States,Michigan,5003132
Norton Shores,United States,Michigan,5004005
Novi,United States,Michigan,5004062
Oak Park,United States,Michigan,5004188
Okemos,United States,Michigan,5004359
Owosso,United States,Michigan,5004792
Pontiac,United States,Michigan,5006166
Port Huron,United States,Michigan,5006233
Portage,United States,Michigan,5006250
Redford,United States,Michigan,5006917
Rochester Hills,United States,Michigan,5007402
Romulus,United States,Michigan,5007531
Roseville,United States,Michigan,5007655
Royal Oak,United States,Michigan,5007804
Saginaw,United States,Michigan,5007989
Shelby,United States,Michigan,5009586
Southfield,United States,Michigan,5010636
Southgate,United States,Michigan,5010646
Saint Clair Shores,United States,Michigan,5010978
Sterling Heights,United States,Michigan,5011148
Taylor,United States,Michigan,5011908
Trenton,United States,Michigan,5012521
Troy,United States,Michigan,5012639
Walker,United States,Michigan,5013924
Warren,United States,Michigan,5014051
Waterford,United States,Michigan,5014130
Waverly,United States,Michigan,5014208
Wayne,United States,Michigan,5014224
Westland,United States,Michigan,5014681
Wyandotte,United States,Michigan,5015599
Wyoming,United States,Michigan,5015618
Ypsilanti,United States,Michigan,5015688
Albert Lea,United States,Minnesota,5016024
Andover,United States,Minnesota,5016374
Anoka,United States,Minnesota,5016450
Apple Valley,United States,Minnesota,5016494
Austin,United States,Minnesota,5016884
Blaine,United States,Minnesota,5018651
Bloomington,United States,Minnesota,5018739
Brooklyn Center,United States,Minnesota,5019330
